{
  "project_info": {
    "project_number": "930468266059",
    "firebase_url": "https://selintabla-default-rtdb.firebaseio.com",
    "project_id": "selintabla",
    "storage_bucket": "selintabla.appspot.com"
  },
  "client": [
    {
      "client_info": {
        "mobilesdk_app_id": "1:930468266059:android:2db2bf401e4dbb44014dce",
        "android_client_info": {
          "package_name": "com.example.selintabla"
        }
      },
      "oauth_client": [
        {
          "client_id": "930468266059-1vo5otl90c3d130hav0ui2ip4id8srrj.apps.googleusercontent.com",
          "client_type": 3
        }
      ],
      "api_key": [
        {
          "current_key": "AIzaSyAyN6xH_yFkSdtxOZmtCxwBKSHIfHLZ0Xo"
        }
      ],
      "services": {
        "appinvite_service": {
          "other_platform_oauth_client": [
            {
              "client_id": "930468266059-1vo5otl90c3d130hav0ui2ip4id8srrj.apps.googleusercontent.com",
              "client_type": 3
            }
          ]
        }
      }
    }
  ],
  "configuration_version": "1"
}